"ONTOLOGY","ID","Description","GeneRatio","BgRatio","pvalue","p.adjust","qvalue","geneID","Count"
"BP","GO:0007156","homophilic cell adhesion via plasma membrane adhesion molecules","15/244","61/9111",4.00751977277837e-11,6.24204510156724e-08,5.74329182250228e-08,"SDK2/PCDH11X/CDH9/CDH6/HMCN1/CDH18/PCDH15/CDH8/CDH12/PCDH19/FAT3/PCDH7/EMB/CADM2/TENM3",15
"BP","GO:0099536","synaptic signaling","37/244","408/9111",4.52978599533181e-11,6.24204510156724e-08,5.74329182250228e-08,"SYT1/DLG1/RIMS1/ASIC2/SYT10/BCHE/PLCL1/TSHZ3/PPFIA2/MCTP2/CBLN2/NLGN4X/LRRC4C/GRIK4/CDH8/DLG2/SLC7A11/GPR158/UTRN/GRM1/ADCY8/SHANK2/GRIK2/GABRB3/GRM5/DLGAP1/CHRNA9/GRM8/NRXN1/PENK/KCND2/NRG3/RELN/GRM7/LAMA2/DMD/SHISA9",37
"BP","GO:0098742","cell-cell adhesion via plasma-membrane adhesion molecules","20/244","127/9111",1.30601519725505e-10,1.1997926278783e-07,1.10392652989032e-07,"SDK2/PCDH11X/CDH9/CDH6/HMCN1/CDH18/LRRC4C/TENM4/PCDH15/CDH8/CDH12/UNC5D/PCDH19/FAT3/LRFN5/PCDH7/EMB/DAB1/CADM2/TENM3",20
"BP","GO:0007268","chemical synaptic transmission","35/244","394/9111",2.85389088889852e-10,1.57306465796087e-07,1.44737329502243e-07,"SYT1/DLG1/RIMS1/ASIC2/SYT10/BCHE/PLCL1/TSHZ3/PPFIA2/MCTP2/CBLN2/NLGN4X/LRRC4C/GRIK4/CDH8/DLG2/SLC7A11/GPR158/GRM1/ADCY8/SHANK2/GRIK2/GABRB3/GRM5/DLGAP1/CHRNA9/GRM8/NRXN1/PENK/KCND2/NRG3/RELN/GRM7/LAMA2/SHISA9",35
"BP","GO:0098916","anterograde trans-synaptic signaling","35/244","394/9111",2.85389088889852e-10,1.57306465796087e-07,1.44737329502243e-07,"SYT1/DLG1/RIMS1/ASIC2/SYT10/BCHE/PLCL1/TSHZ3/PPFIA2/MCTP2/CBLN2/NLGN4X/LRRC4C/GRIK4/CDH8/DLG2/SLC7A11/GPR158/GRM1/ADCY8/SHANK2/GRIK2/GABRB3/GRM5/DLGAP1/CHRNA9/GRM8/NRXN1/PENK/KCND2/NRG3/RELN/GRM7/LAMA2/SHISA9",35
"BP","GO:0099537","trans-synaptic signaling","35/244","397/9111",3.51216956339163e-10,1.61325655278455e-07,1.48435376810709e-07,"SYT1/DLG1/RIMS1/ASIC2/SYT10/BCHE/PLCL1/TSHZ3/PPFIA2/MCTP2/CBLN2/NLGN4X/LRRC4C/GRIK4/CDH8/DLG2/SLC7A11/GPR158/GRM1/ADCY8/SHANK2/GRIK2/GABRB3/GRM5/DLGAP1/CHRNA9/GRM8/NRXN1/PENK/KCND2/NRG3/RELN/GRM7/LAMA2/SHISA9",35
"BP","GO:0050808","synapse organization","27/244","258/9111",1.06246920197899e-09,4.18309302950586e-07,3.84885459784571e-07,"CBLN4/SDK2/DLG1/ASIC2/CDH9/CDH6/PPFIA2/CBLN2/NLGN4X/LRRC4C/CNKSR2/CNTN5/CDH8/SLC7A11/GPR158/SHANK2/NFIA/LRFN5/GABRB3/GRM5/ACTBL2/TANC2/GPHN/LINGO2/NRXN1/NRG3/RELN",27
"BP","GO:0050804","modulation of chemical synaptic transmission","26/244","255/9111",3.86487787174807e-09,1.28639998515309e-06,1.18361376679925e-06,"SYT1/RIMS1/BCHE/PLCL1/TSHZ3/PPFIA2/MCTP2/CBLN2/NLGN4X/LRRC4C/GRIK4/SLC7A11/GPR158/GRM1/ADCY8/SHANK2/GRIK2/GRM5/DLGAP1/GRM8/NRXN1/NRG3/RELN/GRM7/LAMA2/SHISA9",26
"BP","GO:0099177","regulation of trans-synaptic signaling","26/244","256/9111",4.20087077880182e-09,1.28639998515309e-06,1.18361376679925e-06,"SYT1/RIMS1/BCHE/PLCL1/TSHZ3/PPFIA2/MCTP2/CBLN2/NLGN4X/LRRC4C/GRIK4/SLC7A11/GPR158/GRM1/ADCY8/SHANK2/GRIK2/GRM5/DLGAP1/GRM8/NRXN1/NRG3/RELN/GRM7/LAMA2/SHISA9",26
"BP","GO:0034330","cell junction organization","31/244","417/9111",2.08702757174702e-07,5.51166618421566e-05,5.07127180420729e-05,"CBLN4/SDK2/DLG1/ASIC2/CDH9/CDH6/PPFIA2/CBLN2/CDH18/NLGN4X/PARD3/LRRC4C/CNKSR2/CNTN5/CDH8/SLC7A11/GPR158/CDH12/SHANK2/NFIA/LRFN5/GABRB3/GRM5/ACTBL2/PDCD6IP/TANC2/GPHN/LINGO2/NRXN1/NRG3/RELN",31
"BP","GO:0120039","plasma membrane bounded cell projection morphogenesis","29/244","374/9111",2.19986676438216e-07,5.51166618421566e-05,5.07127180420729e-05,"CNTN1/MYO16/SYT1/PLXNA2/RIMS1/COBL/GLI3/SEMA5A/BTBD3/PPFIA2/EPHA5/VLDLR/NFIB/PARD3/LRRC4C/CNTN5/SEMA3D/GRIP1/UNC5D/PDPN/ACTBL2/EMB/TANC2/DAB1/NRXN1/SLIT3/PRKG1/RELN/LAMA2",29
"BP","GO:0048858","cell projection morphogenesis","29/244","377/9111",2.60645440951501e-07,5.98615696051948e-05,5.50784971273831e-05,"CNTN1/MYO16/SYT1/PLXNA2/RIMS1/COBL/GLI3/SEMA5A/BTBD3/PPFIA2/EPHA5/VLDLR/NFIB/PARD3/LRRC4C/CNTN5/SEMA3D/GRIP1/UNC5D/PDPN/ACTBL2/EMB/TANC2/DAB1/NRXN1/SLIT3/PRKG1/RELN/LAMA2",29
"BP","GO:0048812","neuron projection morphogenesis","28/244","365/9111",4.51185623899358e-07,9.56513522666639e-05,8.80085965970489e-05,"CNTN1/MYO16/SYT1/PLXNA2/RIMS1/COBL/GLI3/SEMA5A/BTBD3/PPFIA2/EPHA5/VLDLR/NFIB/PARD3/LRRC4C/CNTN5/SEMA3D/GRIP1/UNC5D/ACTBL2/EMB/TANC2/DAB1/NRXN1/SLIT3/PRKG1/RELN/LAMA2",28
"BP","GO:0032990","cell part morphogenesis","29/244","389/9111",5.03656284869139e-07,9.91483372213819e-05,9.12261646804328e-05,"CNTN1/MYO16/SYT1/PLXNA2/RIMS1/COBL/GLI3/SEMA5A/BTBD3/PPFIA2/EPHA5/VLDLR/NFIB/PARD3/LRRC4C/CNTN5/SEMA3D/GRIP1/UNC5D/PDPN/ACTBL2/EMB/TANC2/DAB1/NRXN1/SLIT3/PRKG1/RELN/LAMA2",29
"BP","GO:0035249","synaptic transmission, glutamatergic","11/244","64/9111",8.6124747452214e-07,0.000156843527628934,0.000144311381123712,"SYT1/TSHZ3/GRIK4/CDH8/GRM1/GRIK2/GRM5/GRM8/NRXN1/RELN/GRM7",11
"BP","GO:0032989","cellular component morphogenesis","31/244","446/9111",9.10557489863187e-07,0.000156843527628934,0.000144311381123712,"CNTN1/MYO16/SYT1/PLXNA2/RIMS1/COBL/GLI3/SEMA5A/BTBD3/PPFIA2/EPHA5/VLDLR/NFIB/PARD3/LRRC4C/TENM4/CNTN5/SEMA3D/GRIP1/UNC5D/PDPN/ACTBL2/EMB/TANC2/DAB1/NRXN1/PRKD1/SLIT3/PRKG1/RELN/LAMA2",31
"BP","GO:0043113","receptor clustering","8/244","34/9111",2.34434646096646e-06,0.000380059932142563,0.000349692298728681,"DLG1/DLG2/SLC7A11/GRIK2/GPHN/NRXN1/MAGI2/RELN",8
"BP","GO:0007626","locomotory behavior","13/244","106/9111",4.61136910281869e-06,0.000680479333203693,0.000626107521842371,"CNTN1/FOXA2/KLHL1/GRM1/ADCY8/SHANK2/GRM5/GPR37/CHD7/DAB1/PENK/KCND2/RELN",13
"BP","GO:0051966","regulation of synaptic transmission, glutamatergic","9/244","49/9111",4.92950932950272e-06,0.000680479333203693,0.000626107521842371,"SYT1/TSHZ3/GRM1/GRIK2/GRM5/GRM8/NRXN1/RELN/GRM7",9
"BP","GO:0048667","cell morphogenesis involved in neuron differentiation","24/244","321/9111",4.93816642382941e-06,0.000680479333203693,0.000626107521842371,"CNTN1/PLXNA2/COBL/GLI3/SEMA5A/BTBD3/PPFIA2/EPHA5/VLDLR/NFIB/PARD3/LRRC4C/CNTN5/SEMA3D/UNC5D/ACTBL2/EMB/TANC2/DAB1/NRXN1/SLIT3/PRKG1/RELN/LAMA2",24
"BP","GO:0007416","synapse assembly","13/244","110/9111",6.9868822093784e-06,0.000916945112811755,0.000843679160019677,"CBLN4/SDK2/ASIC2/CDH9/CBLN2/NLGN4X/CNTN5/SHANK2/LRFN5/GABRB3/LINGO2/NRXN1/NRG3",13
"BP","GO:0007420","brain development","27/244","400/9111",8.39974652359099e-06,0.00104467480334592,0.000961202964349675,"CNTN1/DNAH5/MYO16/PLXNA2/GLI3/SEMA5A/FOXP2/BTBD3/EPHA5/NLGN4X/NFIB/CNTN5/KLHL1/SLC7A11/GPR158/CA10/AFF2/KCNC2/AVPR1A/CHD7/DAB1/BASP1/IMMP2L/PRKG1/NRG3/RELN/TOX",27
"BP","GO:0007409","axonogenesis","20/244","246/9111",9.22119957186217e-06,0.00104467480334592,0.000961202964349675,"CNTN1/PLXNA2/COBL/GLI3/SEMA5A/EPHA5/NFIB/PARD3/LRRC4C/CNTN5/SEMA3D/UNC5D/ACTBL2/EMB/DAB1/NRXN1/SLIT3/PRKG1/RELN/LAMA2",20
"BP","GO:0007610","behavior","25/244","357/9111",9.84875179751205e-06,0.00104467480334592,0.000961202964349675,"CNTN1/GLI3/BCHE/FOXA2/SPECC1/NLGN4X/VLDLR/KLHL1/SLC7A11/GRM1/ADCY8/AFF2/SHANK2/GRIK2/AVPR1A/GRM5/GPR37/CHD7/DAB1/NRXN1/PENK/CSMD1/KCND2/RELN/DACH1",25
"BP","GO:0007411","axon guidance","14/244","131/9111",1.01284183633856e-05,0.00104467480334592,0.000961202964349675,"CNTN1/PLXNA2/GLI3/SEMA5A/EPHA5/NFIB/CNTN5/SEMA3D/UNC5D/EMB/NRXN1/SLIT3/RELN/LAMA2",14
"BP","GO:0097485","neuron projection guidance","14/244","131/9111",1.01284183633856e-05,0.00104467480334592,0.000961202964349675,"CNTN1/PLXNA2/GLI3/SEMA5A/EPHA5/NFIB/CNTN5/SEMA3D/UNC5D/EMB/NRXN1/SLIT3/RELN/LAMA2",14
"BP","GO:0031644","regulation of nervous system process","10/244","67/9111",1.02344773912699e-05,0.00104467480334592,0.000961202964349675,"RIMS1/NLGN4X/PARD3/TENM4/GRM1/GRIK2/AVPR1A/DLGAP1/NRXN1/RELN",10
"BP","GO:0042391","regulation of membrane potential","19/244","233/9111",1.48892620546081e-05,0.00144578678793633,0.00133026520973899,"DLG1/RIMS1/ASIC2/NLGN4X/GRIK4/GRM1/CACNA2D1/GRIK2/KCNC2/GABRB3/GRM5/CHRNA9/NRXN1/KCNA4/CTNNA3/KCNH8/KCND2/RELN/DMD",19
"BP","GO:0061564","axon development","21/244","276/9111",1.52132862300993e-05,0.00144578678793633,0.00133026520973899,"CNTN1/PLXNA2/COBL/GLI3/SEMA5A/EPHA5/NFIB/PARD3/LRRC4C/CNTN5/SEMA3D/UNC5D/ACTBL2/EMB/DAB1/NRXN1/SLIT3/PRKG1/RELN/GRM7/LAMA2",21
"BP","GO:0034329","cell junction assembly","20/244","259/9111",1.97140083044308e-05,0.00181106022956705,0.00166635249141663,"CBLN4/SDK2/DLG1/ASIC2/CDH9/CDH6/CBLN2/CDH18/NLGN4X/PARD3/CNTN5/CDH8/CDH12/SHANK2/LRFN5/GABRB3/PDCD6IP/LINGO2/NRXN1/NRG3",20
"BP","GO:0060078","regulation of postsynaptic membrane potential","10/244","75/9111",2.83523267162694e-05,0.00252061330419479,0.00231921069811521,"RIMS1/NLGN4X/GRIK4/GRM1/GRIK2/GRM5/CHRNA9/NRXN1/KCND2/RELN",10
"BP","GO:0060322","head development","27/244","431/9111",3.21156648016081e-05,0.00272359939212479,0.00250597774640158,"CNTN1/DNAH5/MYO16/PLXNA2/GLI3/SEMA5A/FOXP2/BTBD3/EPHA5/NLGN4X/NFIB/CNTN5/KLHL1/SLC7A11/GPR158/CA10/AFF2/KCNC2/AVPR1A/CHD7/DAB1/BASP1/IMMP2L/PRKG1/NRG3/RELN/TOX",27
"BP","GO:0044057","regulation of system process","22/244","313/9111",3.26120391655e-05,0.00272359939212479,0.00250597774640158,"CELF2/ATP2B1/DLG1/RIMS1/ASIC2/TSHZ3/NLGN4X/PARD3/TENM4/GRM1/CACNA2D1/GRIK2/ARHGAP42/AVPR1A/DLGAP1/NRXN1/CTNNA3/PRKD1/KCND2/PRKG1/RELN/DMD",22
"BP","GO:0044331","cell-cell adhesion mediated by cadherin","6/244","25/9111",4.00557611616095e-05,0.00324687287533517,0.00298744051511818,"CDH9/CDH6/FOXA2/CDH18/CDH8/CDH12",6
"BP","GO:0071625","vocalization behavior","4/244","10/9111",9.28238748590414e-05,0.00730921711747195,0.00672519442211822,"GLI3/NLGN4X/SHANK2/NRXN1",4
"BP","GO:0043269","regulation of monoatomic ion transport","21/244","316/9111",0.000110853410667214,0.00848644443885675,0.00780835866366432,"CNTN1/ATG5/ATP2B1/DLG1/ASIC2/TRPC6/UTRN/CACNA2D1/KCNC2/GRM5/CHD7/ALG10B/KCNA4/KCNH8/PRKD1/KCND2/KCNIP4/NKAIN3/RELN/DMD/KCNU1",21
"BP","GO:0007215","glutamate receptor signaling pathway","6/244","30/9111",0.000120028885714668,0.00894052997377367,0.00822616175495408,"GRIK4/GRM1/GRIK2/GRM5/GRM8/GRM7",6
"BP","GO:0034765","regulation of monoatomic ion transmembrane transport","18/244","252/9111",0.000141350937967153,0.0102516627641441,0.00943253212085519,"ATG5/DLG1/ASIC2/TRPC6/UTRN/CACNA2D1/KCNC2/GRM5/CHD7/ALG10B/KCNA4/KCNH8/PRKD1/KCND2/KCNIP4/RELN/DMD/KCNU1",18
"BP","GO:0034762","regulation of transmembrane transport","21/244","324/9111",0.000157421568706006,0.0111244575218911,0.0102355886373217,"ATG5/DLG1/OSBPL8/ASIC2/C2CD5/TRPC6/UTRN/CACNA2D1/KCNC2/GRM5/CHD7/ALG10B/KCNA4/KCNH8/PRKD1/KCND2/KCNIP4/RELN/DMD/KCNU1/SHISA9",21
"BP","GO:0051050","positive regulation of transport","27/244","477/9111",0.000179328267373519,0.0123557176220355,0.0113684683184949,"CNTN1/ATG5/SYT1/ATP2B1/DLG1/OSBPL8/GLI3/MAP2K6/SYT10/CPSF6/C2CD5/SOX4/TRPC6/GPR158/CACNA2D1/ANGPT1/ADCY8/KCNC2/AVPR1A/PDCD6IP/PRL/ALG10B/ABCA13/PRKD1/MAGI2/RELN/DMD",27
"BP","GO:0035418","protein localization to synapse","7/244","46/9111",0.000198856794523349,0.0133670567245451,0.0122989991786071,"DLG1/ASIC2/DLG2/GRIP1/NRXN1/GPC6/RELN",7
"BP","GO:0050890","cognition","15/244","193/9111",0.000204836505958139,0.0134411764385865,0.0123671965627358,"TUSC3/BCHE/SPECC1/NLGN4X/VLDLR/SLC7A11/GPR158/ADCY8/AFF2/SHANK2/GRM5/CHD7/NRXN1/CSMD1/RELN",15
"BP","GO:0016339","calcium-dependent cell-cell adhesion via plasma membrane cell adhesion molecules","5/244","22/9111",0.000239701456727241,0.0152088770062634,0.0139936539256316,"CDH9/CDH6/CDH18/CDH8/CDH12",5
"BP","GO:0050807","regulation of synapse organization","12/244","134/9111",0.000242812259896804,0.0152088770062634,0.0139936539256316,"ASIC2/PPFIA2/CBLN2/CDH8/SLC7A11/GPR158/SHANK2/LRFN5/TANC2/LINGO2/NRXN1/RELN",12
"BP","GO:0099173","postsynapse organization","11/244","116/9111",0.000267233121576566,0.0163665440681115,0.0150588208158584,"DLG1/PPFIA2/NLGN4X/CNKSR2/SLC7A11/SHANK2/ACTBL2/TANC2/GPHN/NRXN1/RELN",11
"BP","GO:0050806","positive regulation of synaptic transmission","10/244","99/9111",0.000303806238515599,0.018201956377152,0.0167475796014663,"SYT1/RIMS1/TSHZ3/GPR158/ADCY8/SHANK2/GRIK2/NRXN1/RELN/LAMA2",10
"BP","GO:0050803","regulation of synapse structure or activity","12/244","138/9111",0.000319270739427335,0.0187214927204625,0.0172256038360683,"ASIC2/PPFIA2/CBLN2/CDH8/SLC7A11/GPR158/SHANK2/LRFN5/TANC2/LINGO2/NRXN1/RELN",12
"BP","GO:0030900","forebrain development","16/244","225/9111",0.000348733118864876,0.0200230932414916,0.0184232035821378,"DNAH5/GLI3/SEMA5A/FOXP2/BTBD3/EPHA5/NFIB/SLC7A11/KCNC2/AVPR1A/CHD7/DAB1/PRKG1/NRG3/RELN/TOX",16
"BP","GO:0097120","receptor localization to synapse","6/244","37/9111",0.000401729586204587,0.0225952395832621,0.0207898297135736,"DLG1/DLG2/GRIP1/GPHN/GPC6/RELN",6
"BP","GO:0051046","regulation of secretion","20/244","325/9111",0.000445168107595173,0.0245376660906459,0.0225770520251952,"ATG5/SYT1/RIMS1/MAP2K6/SYT10/SOX4/FOXA2/PPFIA2/MCTP2/EPHA5/GPR158/ADCY8/AVPR1A/STXBP6/PDCD6IP/CHD7/PRL/PRKD1/PRKG1/GRM7",20
"BP","GO:0099505","regulation of presynaptic membrane potential","4/244","15/9111",0.000542763868359772,0.0282342650827248,0.0259782845406325,"GRIK4/GRIK2/KCNC2/KCNA4",4
"BP","GO:0099560","synaptic membrane adhesion","4/244","15/9111",0.000542763868359772,0.0282342650827248,0.0259782845406325,"CDH9/CDH6/LRRC4C/LRFN5",4
"BP","GO:0001941","postsynaptic membrane organization","5/244","26/9111",0.000548583126474511,0.0282342650827248,0.0259782845406325,"NLGN4X/SLC7A11/GPHN/NRXN1/RELN",5
"BP","GO:0007612","learning","9/244","88/9111",0.000553211289719572,0.0282342650827248,0.0259782845406325,"BCHE/SPECC1/NLGN4X/SLC7A11/SHANK2/GRM5/NRXN1/CSMD1/RELN",9
"BP","GO:0098815","modulation of excitatory postsynaptic potential","5/244","27/9111",0.000658714081284463,0.0330075637821814,0.030370186063431,"RIMS1/NLGN4X/GRIK2/NRXN1/RELN",5
"BP","GO:0030001","metal ion transport","26/244","495/9111",0.000744939252458632,0.0366616532102855,0.0337323056235497,"CNTN1/ATG5/ATP2B1/SLC6A15/DLG1/TRPM3/TUSC3/ASIC2/ITPR2/SLC39A11/TRPC6/SLC38A4/UTRN/CACNA2D1/KCNC2/CHD7/CHRNA9/ALG10B/KCNA4/KCNH8/PRKD1/KCND2/KCNIP4/NKAIN3/DMD/KCNU1",26
"BP","GO:0098662","inorganic cation transmembrane transport","24/244","445/9111",0.000828024773611999,0.0400357241416609,0.0368367807872817,"ATG5/ATP2B1/SLC6A15/DLG1/TRPM3/TUSC3/ASIC2/ITPR2/SLC39A11/TRPC6/UTRN/CACNA2D1/KCNC2/UQCRFS1/CHD7/CHRNA9/ALG10B/KCNA4/KCNH8/PRKD1/KCND2/KCNIP4/DMD/KCNU1",24
"BP","GO:0098655","monoatomic cation transmembrane transport","24/244","449/9111",0.000937978612831018,0.0445701561545222,0.0410089016027209,"ATG5/ATP2B1/SLC6A15/DLG1/TRPM3/TUSC3/ASIC2/ITPR2/SLC39A11/TRPC6/UTRN/CACNA2D1/KCNC2/UQCRFS1/CHD7/CHRNA9/ALG10B/KCNA4/KCNH8/PRKD1/KCND2/KCNIP4/DMD/KCNU1",24
"BP","GO:0021537","telencephalon development","12/244","156/9111",0.000964427977797653,0.0450502289289887,0.0414506154953532,"DNAH5/GLI3/FOXP2/BTBD3/EPHA5/NFIB/SLC7A11/AVPR1A/CHD7/DAB1/NRG3/RELN",12
"BP","GO:1902414","protein localization to cell junction","7/244","60/9111",0.00104405301915146,0.047956835346357,0.0441249775988748,"DLG1/ASIC2/DLG2/GRIP1/NRXN1/GPC6/RELN",7
"BP","GO:0051480","regulation of cytosolic calcium ion concentration","5/244","30/9111",0.0010891088635918,0.0480203373350013,0.0441834056374678,"ATP2B1/TRPC6/GRM1/ADCY8/GRM5",5
"BP","GO:0099172","presynapse organization","5/244","30/9111",0.0010891088635918,0.0480203373350013,0.0441834056374678,"PPFIA2/CBLN2/NLGN4X/CNTN5/LRFN5",5
"BP","GO:0030534","adult behavior","8/244","78/9111",0.0010977072758001,0.0480203373350013,0.0441834056374678,"FOXA2/NLGN4X/KLHL1/SLC7A11/SHANK2/CHD7/DAB1/NRXN1",8
"CC","GO:0097060","synaptic membrane","33/257","226/9605",8.62823789378319e-16,2.99399854914277e-13,2.56122430110196e-13,"CNTN1/SYT1/ATP2B1/DLG1/RIMS1/CDH9/SLC16A7/PPFIA2/NLGN4X/LRRC4C/GRIK4/CNKSR2/CNTN5/CDH8/DLG2/GPR158/UTRN/GRM1/ADCY8/GRIP1/SHANK2/GRIK2/LRFN5/KCNC2/GABRB3/GRM5/GPHN/CHRNA9/NRXN1/KCND2/GRM7/DMD/SHISA9",33
"CC","GO:0045211","postsynaptic membrane","25/257","151/9605",1.78355740240843e-13,3.09447209317862e-11,2.64717467094304e-11,"CNTN1/DLG1/CDH9/SLC16A7/NLGN4X/LRRC4C/GRIK4/CNKSR2/DLG2/GPR158/UTRN/GRM1/GRIP1/SHANK2/GRIK2/LRFN5/KCNC2/GABRB3/GRM5/GPHN/CHRNA9/KCND2/GRM7/DMD/SHISA9",25
"CC","GO:0098794","postsynapse","33/257","350/9605",2.15323416088679e-10,2.49057417942573e-08,2.13056853814062e-08,"CNTN1/DLG1/ASIC2/CDH9/SLC16A7/PPFIA2/NLGN4X/LRRC4C/GRIK4/CNKSR2/DLG2/GPR158/UTRN/GRM1/ADCY8/GRIP1/SHANK2/GRIK2/LRFN5/KCNC2/GABRB3/GRM5/DLGAP1/TANC2/GPHN/CHRNA9/KCNA4/KCND2/MAGI2/GRM7/LAMA2/DMD/SHISA9",33
"CC","GO:0099634","postsynaptic specialization membrane","14/257","69/9605",2.81530337037585e-09,2.44227567380105e-07,2.08925144854208e-07,"DLG1/SLC16A7/NLGN4X/LRRC4C/GRIK4/CNKSR2/DLG2/GRM1/GRIK2/LRFN5/GRM5/GPHN/KCND2/SHISA9",14
"CC","GO:0098978","glutamatergic synapse","24/257","227/9605",7.9359976493731e-09,5.50758236866493e-07,4.71147649920677e-07,"SYT1/ATP2B1/DLG1/SYT10/CDH6/SLC16A7/PPFIA2/CBLN2/NLGN4X/LRRC4C/CNKSR2/CDH8/GRM1/ADCY8/SHANK2/GRIK2/LRFN5/GRM5/ACTBL2/DLGAP1/GPC6/KCND2/NRG3/SHISA9",24
"CC","GO:0098839","postsynaptic density membrane","12/257","58/9605",3.11336386482899e-08,1.8005621018261e-06,1.54029580681013e-06,"DLG1/SLC16A7/NLGN4X/LRRC4C/GRIK4/CNKSR2/DLG2/GRM1/GRIK2/LRFN5/GRM5/SHISA9",12
"CC","GO:0030425","dendrite","28/257","327/9605",4.62222318905829e-08,2.18302880082795e-06,1.8674779973714e-06,"URI1/COBL/ASIC2/ZWINT/PCSK2/PPFIA2/EPHA5/NLGN4X/KLHL1/GRM1/ADCY8/GRIP1/SHANK2/GRIK2/FAT3/KCNC2/GRM5/TANC2/GPHN/PENK/KCNA4/KCND2/KCNIP4/MAGI2/RELN/GRM7/LAMA2/SHISA9",28
"CC","GO:0097447","dendritic tree","28/257","329/9605",5.2668151122141e-08,2.18302880082795e-06,1.8674779973714e-06,"URI1/COBL/ASIC2/ZWINT/PCSK2/PPFIA2/EPHA5/NLGN4X/KLHL1/GRM1/ADCY8/GRIP1/SHANK2/GRIK2/FAT3/KCNC2/GRM5/TANC2/GPHN/PENK/KCNA4/KCND2/KCNIP4/MAGI2/RELN/GRM7/LAMA2/SHISA9",28
"CC","GO:0098984","neuron to neuron synapse","21/257","196/9605",5.66203435373244e-08,2.18302880082795e-06,1.8674779973714e-06,"SYT1/DLG1/SLC16A7/NLGN4X/LRRC4C/GRIK4/CNKSR2/DLG2/GRM1/ADCY8/GRIP1/SHANK2/GRIK2/LRFN5/GRM5/DLGAP1/GPHN/PENK/MAGI2/GRM7/SHISA9",21
"CC","GO:0099572","postsynaptic specialization","20/257","182/9605",7.77875684285564e-08,2.69922862447091e-06,2.30906255756346e-06,"DLG1/SLC16A7/PPFIA2/NLGN4X/LRRC4C/GRIK4/CNKSR2/DLG2/GRM1/ADCY8/GRIP1/SHANK2/GRIK2/LRFN5/GRM5/DLGAP1/GPHN/KCND2/MAGI2/SHISA9",20
"CC","GO:0036477","somatodendritic compartment","32/257","439/9605",2.10378502645163e-07,6.63648549253377e-06,5.67719978430009e-06,"URI1/COBL/ASIC2/ZWINT/PCSK2/PPFIA2/EPHA5/NLGN4X/CNKSR2/KLHL1/DLG2/GRM1/ADCY8/GRIP1/SHANK2/GRIK2/FAT3/KCNC2/GRM5/TANC2/GPHN/CADM2/NRXN1/PENK/KCNA4/KCND2/KCNIP4/MAGI2/RELN/GRM7/LAMA2/SHISA9",32
"CC","GO:0032279","asymmetric synapse","19/257","178/9605",2.63675110303729e-07,7.62460527294949e-06,6.52248957067119e-06,"DLG1/SLC16A7/NLGN4X/LRRC4C/GRIK4/CNKSR2/DLG2/GRM1/ADCY8/GRIP1/SHANK2/GRIK2/LRFN5/GRM5/DLGAP1/GPHN/MAGI2/GRM7/SHISA9",19
"CC","GO:0014069","postsynaptic density","18/257","167/9605",4.75233264010631e-07,1.26850725085914e-05,1.08514801984614e-05,"DLG1/SLC16A7/NLGN4X/LRRC4C/GRIK4/CNKSR2/DLG2/GRM1/ADCY8/GRIP1/SHANK2/GRIK2/LRFN5/GRM5/DLGAP1/GPHN/MAGI2/SHISA9",18
"CC","GO:0030424","axon","26/257","340/9605",1.29303126634039e-06,3.20487035300082e-05,2.74161516622549e-05,"CNTN1/ATG5/SYT1/DLG1/COBL/TSHZ3/PPFIA2/EPHA5/NFIB/PARD3/CNTN5/CDH8/DLG2/ADCY8/SHANK2/GRIK2/KCNC2/ACTBL2/EMB/TANC2/CADM2/BASP1/PENK/KCNA4/GRM7/TENM3",26
"CC","GO:0042734","presynaptic membrane","13/257","99/9605",2.11984209387885e-06,4.90390137717308e-05,4.19505593314973e-05,"CNTN1/SYT1/ATP2B1/RIMS1/CDH9/PPFIA2/GRIK4/CNTN5/GPR158/ADCY8/GRIK2/KCNC2/NRXN1",13
"CC","GO:0016010","dystrophin-associated glycoprotein complex","5/257","13/9605",1.42402498415772e-05,0.000308835418439204,0.000264194108902945,"SNTG1/UTRN/SNTG2/SGCZ/DMD",5
"CC","GO:0098686","hippocampal mossy fiber to CA3 synapse","6/257","23/9605",2.38251980924813e-05,0.000486314337534766,0.000416018938828466,"SYT1/SLC16A7/GRIK4/ADCY8/SHANK2/GRIK2",6
"CC","GO:0090665","glycoprotein complex","5/257","15/9605",3.17962494928935e-05,0.00061296103189078,0.000524359202163507,"SNTG1/UTRN/SNTG2/SGCZ/DMD",5
"CC","GO:0098793","presynapse","21/257","317/9605",0.000116534763430769,0.00207203737177366,0.00177253007383641,"CNTN1/SYT1/ATP2B1/RIMS1/SYT10/CDH9/PPFIA2/MCTP2/NLGN4X/GRIK4/CNTN5/CDH8/GPR158/ADCY8/SHANK2/GRIK2/KCNC2/NRXN1/PENK/GRM7/SLC35F1",21
"CC","GO:0005912","adherens junction","11/257","106/9605",0.000119425785116638,0.00207203737177366,0.00177253007383641,"DLG1/CDH9/CDH6/HMCN1/CDH18/PARD3/CDH8/DLG2/CDH12/STXBP6/CTNNA3",11
"CC","GO:0016342","catenin complex","5/257","21/9605",0.000188861759237454,0.00312071573597127,0.00266962486741665,"CDH9/CDH6/CDH18/CDH8/CDH12",5
"CC","GO:0098797","plasma membrane protein complex","21/257","346/9605",0.000387225254467784,0.00610759833183277,0.0052247618066945,"DLG1/CDH9/CDH6/CDH18/SNTG1/GRIK4/CDH8/UTRN/GRM1/CACNA2D1/CDH12/GRIK2/KCNC2/SNTG2/CHRNA9/KCNA4/KCND2/SGCZ/KCNIP4/DMD/SHISA9",21
"CC","GO:0043025","neuronal cell body","17/257","252/9605",0.000424266360411165,0.00640088813315976,0.00547565737464296,"COBL/ASIC2/PCSK2/EPHA5/CNKSR2/KLHL1/DLG2/ADCY8/GRIP1/SHANK2/GRIK2/KCNC2/CADM2/NRXN1/PENK/KCND2/KCNIP4",17
"CC","GO:0032809","neuronal cell body membrane","4/257","17/9605",0.000905141596735355,0.0130868389194653,0.0111951723806741,"ADCY8/KCNC2/CADM2/KCND2",4
"CC","GO:0098982","GABA-ergic synapse","6/257","44/9605",0.0010406779098216,0.0144446093883238,0.0123566808660923,"CBLN4/NLGN4X/CNTN5/LRFN5/KCNC2/KCND2",6
"CC","GO:0044298","cell body membrane","4/257","19/9605",0.00141328151520111,0.0188618725297994,0.0161354407808385,"ADCY8/KCNC2/CADM2/KCND2",4
"CC","GO:0043197","dendritic spine","9/257","102/9605",0.00160061805135714,0.0205709060674418,0.017597438225447,"ASIC2/PPFIA2/SHANK2/GRM5/TANC2/KCNA4/KCND2/LAMA2/SHISA9",9
"CC","GO:0044309","neuron spine","9/257","103/9605",0.0017138201789861,0.0212391286467206,0.0181690710704541,"ASIC2/PPFIA2/SHANK2/GRM5/TANC2/KCNA4/KCND2/LAMA2/SHISA9",9
"CC","GO:0042383","sarcolemma","8/257","85/9605",0.00191482126701677,0.0223979128429589,0.0191603562011661,"DLG1/UTRN/CACNA2D1/SNTG2/SGCZ/PRKG1/LAMA2/DMD",8
"CC","GO:0044297","cell body","17/257","289/9605",0.00193641897777743,0.0223979128429589,0.0191603562011661,"COBL/ASIC2/PCSK2/EPHA5/CNKSR2/KLHL1/DLG2/ADCY8/GRIP1/SHANK2/GRIK2/KCNC2/CADM2/NRXN1/PENK/KCND2/KCNIP4",17
"CC","GO:0005911","cell-cell junction","17/257","290/9605",0.00200856150969021,0.0224829304471776,0.0192330847447416,"DLG1/CDH9/CDH6/TRPC6/HMCN1/CDH18/PARD3/CDH8/DLG2/CDH12/STXBP6/PDCD6IP/THEMIS/RAP2B/CTNNA3/PRKD1/MAGI2",17
"CC","GO:0044304","main axon","5/257","39/9605",0.00360964672359167,0.0385466159528767,0.0329748087326292,"DLG1/PARD3/DLG2/KCNC2/KCNA4",5
"CC","GO:0034705","potassium channel complex","6/257","56/9605",0.00366581650272314,0.0385466159528767,0.0329748087326292,"GRIK4/GRIK2/KCNC2/KCNA4/KCND2/KCNIP4",6
"CC","GO:0043204","perikaryon","7/257","75/9605",0.00381403571693433,0.0389255998169474,0.0332990115224607,"PCSK2/DLG2/GRIP1/GRIK2/KCNC2/PENK/KCND2",7
"CC","GO:0031527","filopodium membrane","3/257","13/9605",0.00443815268260277,0.0440011137389475,0.0376408738795183,"UTRN/PDPN/DMD",3
"MF","GO:0008066","glutamate receptor activity","6/247","15/9417",1.25780414937837e-06,0.000535824567635185,0.000501797655383581,"GRIK4/GRM1/GRIK2/GRM5/GRM8/GRM7",6
"MF","GO:0005509","calcium ion binding","25/247","345/9417",3.79693989830761e-06,0.00080874819833952,0.000757389590241359,"SYT1/PCDH11X/SYT10/C2CD5/MAN1A1/CDH9/CDH6/ITPR2/MCTP2/HMCN1/CDH18/VLDLR/PCDH15/CDH8/CDH12/PCDH19/FAT3/PCDH7/NRXN1/CALN1/SLIT3/KCNIP4/EYS/SPOCK3/SULF2",25
"MF","GO:0046873","metal ion transmembrane transporter activity","19/247","256/9417",4.1895028694344e-05,0.00594909407459685,0.00557130381584435,"ATP2B1/SLC6A15/TRPM3/TUSC3/ASIC2/ITPR2/SLC39A11/TRPC6/SLC38A4/GRIK4/CACNA2D1/GRIK2/KCNC2/CHRNA9/KCNA4/KCNH8/KCND2/KCNIP4/KCNU1",19
"MF","GO:0022890","inorganic cation transmembrane transporter activity","20/247","304/9417",0.000141416687601444,0.0125398722146301,0.0117435423013215,"ATP2B1/SLC6A15/TRPM3/TUSC3/ASIC2/ITPR2/SLC39A11/TRPC6/SLC38A4/GRIK4/CACNA2D1/GRIK2/KCNC2/UQCRFS1/CHRNA9/KCNA4/KCNH8/KCND2/KCNIP4/KCNU1",20
"MF","GO:1901702","salt transmembrane transporter activity","21/247","329/9417",0.000147181598763264,0.0125398722146301,0.0117435423013215,"ATP2B1/SLC6A15/TRPM3/ASIC2/SLC16A7/ITPR2/SLC39A11/TRPC6/SLC38A4/GRIK4/SLC7A11/CACNA2D1/GRIK2/KCNC2/GABRB3/CHRNA9/KCNA4/KCNH8/KCND2/KCNIP4/KCNU1",21
"MF","GO:0030594","neurotransmitter receptor activity","7/247","47/9417",0.000201354935314533,0.0142962004073319,0.0133883369270541,"GRIK4/GPR158/GRM1/GRIK2/GABRB3/GRM5/CHRNA9",7
"MF","GO:0005261","monoatomic cation channel activity","14/247","178/9417",0.00023922275140097,0.0145584131566876,0.0136338981625515,"TRPM3/ASIC2/ITPR2/TRPC6/GRIK4/CACNA2D1/GRIK2/KCNC2/CHRNA9/KCNA4/KCNH8/KCND2/KCNIP4/KCNU1",14
"MF","GO:0008324","monoatomic cation transmembrane transporter activity","20/247","321/9417",0.000291804588711269,0.0155385943488751,0.0145518340949436,"ATP2B1/SLC6A15/TRPM3/TUSC3/ASIC2/ITPR2/SLC39A11/TRPC6/SLC38A4/GRIK4/CACNA2D1/GRIK2/KCNC2/UQCRFS1/CHRNA9/KCNA4/KCNH8/KCND2/KCNIP4/KCNU1",20
"MF","GO:0098918","structural constituent of synapse","4/247","14/9417",0.000375792594164167,0.0177875161237706,0.0166579407237683,"DLG1/PPFIA2/SHANK2/ACTBL2",4
"MF","GO:0015318","inorganic molecular entity transmembrane transporter activity","21/247","359/9417",0.000481240563759622,0.0205008480161599,0.0191989656489365,"ATP2B1/SLC6A15/TRPM3/TUSC3/ASIC2/ITPR2/SLC39A11/TRPC6/SLC38A4/GRIK4/CACNA2D1/GRIK2/KCNC2/GABRB3/UQCRFS1/CHRNA9/KCNA4/KCNH8/KCND2/KCNIP4/KCNU1",21
"MF","GO:0005267","potassium channel activity","8/247","74/9417",0.000676281778989084,0.0261905488953954,0.0245273487308003,"GRIK4/GRIK2/KCNC2/KCNA4/KCNH8/KCND2/KCNIP4/KCNU1",8
"MF","GO:0022839","monoatomic ion gated channel activity","13/247","180/9417",0.000893462217442834,0.0286816981201733,0.0268603004387094,"ASIC2/ITPR2/GRIK4/CACNA2D1/GRIK2/KCNC2/GABRB3/CHRNA9/KCNA4/KCNH8/KCND2/KCNIP4/KCNU1",13
"MF","GO:0022836","gated channel activity","13/247","181/9417",0.000940588100737222,0.0286816981201733,0.0268603004387094,"ASIC2/ITPR2/GRIK4/CACNA2D1/GRIK2/KCNC2/GABRB3/CHRNA9/KCNA4/KCNH8/KCND2/KCNIP4/KCNU1",13
"MF","GO:0015075","monoatomic ion transmembrane transporter activity","21/247","379/9417",0.00097076659083589,0.0286816981201733,0.0268603004387094,"ATP2B1/SLC6A15/TRPM3/TUSC3/ASIC2/ITPR2/SLC39A11/TRPC6/SLC38A4/GRIK4/CACNA2D1/GRIK2/KCNC2/GABRB3/UQCRFS1/CHRNA9/KCNA4/KCNH8/KCND2/KCNIP4/KCNU1",21
"MF","GO:0005216","monoatomic ion channel activity","15/247","229/9417",0.00100991894789343,0.0286816981201733,0.0268603004387094,"TRPM3/ASIC2/ITPR2/TRPC6/GRIK4/CACNA2D1/GRIK2/KCNC2/GABRB3/CHRNA9/KCNA4/KCNH8/KCND2/KCNIP4/KCNU1",15
"MF","GO:0050839","cell adhesion molecule binding","17/247","289/9417",0.00155898153399985,0.0415078833427459,0.0388719737753909,"CNTN1/DLG1/CDH9/CDH6/CDH18/NLGN4X/LRRC4C/TENM4/CNTN5/CDH8/UTRN/CDH12/STXBP6/EMB/NRXN1/CTNNA3/TENM3",17
"MF","GO:0098632","cell-cell adhesion mediator activity","5/247","34/9417",0.00178040512407241,0.0441636154298603,0.0413590567035262,"CNTN1/LRRC4C/CNTN5/STXBP6/EMB",5
"MF","GO:0099186","structural constituent of postsynapse","3/247","10/9417",0.00186606825759973,0.0441636154298603,0.0413590567035262,"DLG1/SHANK2/ACTBL2",3
